Локация;Тир;Размер сундуков;Содержимое
Fynitos-Ezatam;T8;📦 Большие (Главный спавн);🟡 Золотые, 🔵 Синие, 🟢 Зеленые (x4), 🌿 Волокно
Files-Izizaum;T8;▫️ Маленькие (Разбросаны);🟢 Зеленые (x6), 🌲 Дерево (x2), 🪨 Камень
Suyitos-Oyarlos;T8;📦 Большие (Главный спавн);🟢 Зеленые (x6), 🪨 Камень, ⛏ Руда, 🦇 Данж
Tilitos-Ataglos;T8;📦 Большие (Главный спавн);🔵 Синие, 🟢 Зеленые (x9), 🦇 Данж
Fones-Opavun;T8;📦 Большие (Главный спавн);🟡 Золотые (x3), 🟢 Зеленые (x2), 🌲 Дерево, 🦇 Данж
Fuyes-Izohun;T8;📦 Большие (Главный спавн);🔵 Синие, 🟢 Зеленые (x5), 🐅 Шкура
Hynes-Ieatun;T8;📦 Большие (Главный спавн);🟡 Золотые, 🟢 Зеленые (x2), 🐅 Шкура, 🦇 Данж
Filites-Izohun;T8;📦 Большие (Главный спавн);🔵 Синие, 🟢 Зеленые (x5), 🐅 Шкура, 🦇 Данж
Fiees-Ohohtum;T8;▫️ Маленькие (Разбросаны);🟢 Зеленые (x6), 🪨 Камень (x2), 🦇 Данж (x2)
Foros-Uzazlum;T8;▫️ Маленькие (Разбросаны);🟢 Зеленые (x6), 🐅 Шкура, 🌿 Волокно, 🪨 Камень, ⛏ Руда
Hiles-Izizaum;T8;▫️ Маленькие (Разбросаны);🟢 Зеленые (x6), 🌲 Дерево (x2), 🪨 Камень, 🦇 Данж
Cilos-Otatrom;T8;▫️ Маленькие (Разбросаны);🟡 Золотые (x2), 🟢 Зеленые (x6), 🌲 Дерево (x2)
Hurites-Ieatun;T8;📦 Большие (Главный спавн);🟡 Золотые, 🟢 Зеленые (x2), 🐅 Шкура, 🦇 Данж
Files-Azazsum;T8;▫️ Маленькие (Разбросаны);🟢 Зеленые (x7), ⛏ Руда (x2), 🌿 Волокно
Silitos-Abizaum;T8;▫️ Маленькие (Разбросаны);🟡 Золотые (x3), 🟢 Зеленые (x2), ⛏ Руда, 🐅 Шкура
Sebos-Oyohun;T8;📦 Большие (Главный спавн);🟡 Золотые, 🟢 Зеленые (x2), 🌲 Дерево, 🌿 Волокно, 🪨 Камень, 🦇 Данж
Filitos-Uzazlum;T8;▫️ Маленькие (Разбросаны);🟢 Зеленые (x6), 🐅 Шкура, 🪨 Камень, 🌿 Волокно, ⛏ Руда
Fasites-Azazsum;T8;▫️ Маленькие (Разбросаны);🟢 Зеленые (x7), ⛏ Руда (x2), 🌿 Волокно
Ferites-Ohohtum;T8;▫️ Маленькие (Разбросаны);🟢 Зеленые (x6), 🪨 Камень (x2), 🦇 Данж (x2)
Cieitos-Otatrom;T8;▫️ Маленькие (Разбросаны);🟡 Золотые (x2), 🟢 Зеленые (x6), 🌲 Дерево (x2)
Synos-Oyarlos;T8;📦 Большие (Главный спавн);🟢 Зеленые (x6), ⛏ Руда, 🪨 Камень
Honos-Oyezam;T8;📦 Большие (Главный спавн);🟡 Золотые, 🟢 Зеленые (x5), 🐅 Шкура, 🦇 Данж
Febites-Opavun;T8;📦 Большие (Главный спавн);🟡 Золотые (x3), 🟢 Зеленые (x2), 🌲 Дерево, 🦇 Данж
Tuyitos-Aboysum;T8;▫️ Маленькие (Разбросаны);🟡 Золотые (x2), 🟢 Зеленые, 🌿 Волокно (x2), ⛏ Руда, 🦇 Данж
Honites-Izizaum;T8;▫️ Маленькие (Разбросаны);🟢 Зеленые (x6), 🌲 Дерево (x2), 🪨 Камень, 🦇 Данж
Siritos-Oyohun;T8;📦 Большие (Главный спавн);🟡 Золотые, 🟢 Зеленые (x2), 🪨 Камень, 🦇 Данж (x2)
Touos-Ataglos;T8;📦 Большие (Главный спавн);🔵 Синие, 🟢 Зеленые (x9), 🐅 Шкура, 🦇 Данж
Fasitos-Oyuctum;T6;▫️ Маленькие (Разбросаны);🟡 Золотые (x3), 🟢 Зеленые, 🪨 Камень, ⛏ Руда, 🦇 Данж
Feros-Oyuctum;T6;▫️ Маленькие (Разбросаны);🟡 Золотые (x3), 🟢 Зеленые, 🪨 Камень, ⛏ Руда, 🦇 Данж
Qiient-Al-Qinsis;T6;▫️ Маленькие (Разбросаны);🔵 Синие, 🟢 Зеленые, 🪨 Камень, 🐅 Шкура
Pieos-Ofairom;T6;▫️ Маленькие (Разбросаны);🟡 Золотые, 🟢 Зеленые (x5), ⛏ Руда, 🦇 Данж
Quaent-Qintis;T6;▫️ Маленькие (Разбросаны);🔵 Синие, 🟢 Зеленые (x5), 🌲 Дерево
Tiros-Odoxlum;T6;▫️ Маленькие (Разбросаны);🟡 Золотые (x2), 🔵 Синие, 🟢 Зеленые, 🌿 Волокно (x2), 🌲 Дерево
Fynes-Unavtum;T6;▫️ Маленькие (Разбросаны);🔵 Синие, 🟢 Зеленые, 🌿 Волокно, ⛏ Руда (x3), 🦇 Данж (x3)
Sases-Avuotum;T6;▫️ Маленькие (Разбросаны);🟢 Зеленые (x6), 🐅 Шкура, 🌿 Волокно, ⛏ Руда
Qiient-Oc-Odetum;T6;▫️ Маленькие (Разбросаны);🟢 Зеленые (x5), ⛏ Руда, 🌲 Дерево
Pynitos-Aietam;T6;📦 Большие (Главный спавн);🟡 Золотые (x4), 🟢 Зеленые, 🌲 Дерево, 🌿 Волокно
Xebos-Exostum;T6;▫️ Маленькие (Разбросаны);🔵 Синие, 🟢 Зеленые (x5), 🌲 Дерево, 🌿 Волокно, 🦇 Данж
Suyitos-Ofugtum;T6;▫️ Маленькие (Разбросаны);🟡 Золотые (x3), 🟢 Зеленые (x2), 🪨 Камень, 🦇 Данж
Xebitos-Oyogam;T6;📦 Большие (Главный спавн);🟡 Золотые (x2), 🔵 Синие (x2), 🟢 Зеленые, 🪨 Камень (x2), 🦇 Данж
Suyos-Onaytum;T6;▫️ Маленькие (Разбросаны);🟡 Золотые, 🔵 Синие, 🟢 Зеленые, 🌿 Волокно (x2)
Setent-Et-Qintis;T6;▫️ Маленькие (Разбросаны);🟢 Зеленые (x5), 🌲 Дерево (x2)
Suyites-Uzurtum;T6;▫️ Маленькие (Разбросаны);🟡 Золотые (x3), 🌿 Волокно (x2), ⛏ Руда, 🦇 Данж
Feritos-Osinsum;T6;▫️ Маленькие (Разбросаны);🟡 Золотые (x3), 🔵 Синие, ⛏ Руда, 🦇 Данж
Cases-Ugumlos;T6;📦 Большие (Главный спавн);🔵 Синие, 🟢 Зеленые, 🪨 Камень, 🦇 Данж, 🌲 Дерево, ⛏ Руда, 🐅 Шкура
Oires-Oloblum;T6;▫️ Маленькие (Разбросаны);🟡 Золотые (x2), 🟢 Зеленые, 🐅 Шкура, 🌿 Волокно, 🦇 Данж (x3)
Huyitos-Ohenlum;T6;▫️ Маленькие (Разбросаны);🟡 Золотые, 🟢 Зеленые (x3), 🐅 Шкура, 🌲 Дерево, 🦇 Данж
Tebitos-Odoxlum;T6;▫️ Маленькие (Разбросаны);🟡 Золотые (x2), 🔵 Синие, 🟢 Зеленые, 🌿 Волокно (x2), 🌲 Дерево
Secent-Et-Odesis;T6;▫️ Маленькие (Разбросаны);🟢 Зеленые (x5), 🌿 Волокно, 🐅 Шкура
Secent-Qi-Qinsom;T6;▫️ Маленькие (Разбросаны);🟢 Зеленые (x5), 🌿 Волокно, 🐅 Шкура, ⛏ Руда
Toritos-Iriglos;T6;📦 Большие (Главный спавн);🟡 Золотые (x2), 🟢 Зеленые (x5), 🌲 Дерево, 🪨 Камень
Secent-Odesom;T6;▫️ Маленькие (Разбросаны);🟢 Зеленые (x5), ⛏ Руда, 🪨 Камень
Souos-Availos;T6;📦 Большие (Главный спавн);🟡 Золотые, 🟢 Зеленые (x3), 🌿 Волокно, 🌲 Дерево, 🪨 Камень
Curitos-Ayayaum;T6;▫️ Маленькие (Разбросаны);🟡 Золотые (x2), 🔵 Синие, 🟢 Зеленые (x3), 🌲 Дерево, 🪨 Камень
Quaent-In-Nusis;T6;▫️ Маленькие (Разбросаны);🔵 Синие, 🟢 Зеленые, 🪨 Камень, 🐅 Шкура
Qiitun-Vietis;T6;▫️ Маленькие (Разбросаны);🔵 Синие, 🟢 Зеленые (x5), 🪨 Камень
Qiient-Si-Tertum;T6;▫️ Маленькие (Разбросаны);🟢 Зеленые (x5), 🌿 Волокно, 🌲 Дерево
Hiros-Iuaerom;T6;▫️ Маленькие (Разбросаны);🟢 Зеленые (x6), 🐅 Шкура (x2), 🦇 Данж
Piritos-Ofavam;T6;📦 Большие (Главный спавн);🟡 Золотые, 🟢 Зеленые (x3), 🦇 Данж (x4)
Qiient-Qi-Nusom;T6;▫️ Маленькие (Разбросаны);🔵 Синие (x2), 🟢 Зеленые, ⛏ Руда
Qiient-Et-Nusas;T6;▫️ Маленькие (Разбросаны);🟢 Зеленые (x5), 🐅 Шкура, ⛏ Руда
Secent-Sa-Odesis;T6;▫️ Маленькие (Разбросаны);🟢 Зеленые (x5), 🌿 Волокно, 🐅 Шкура
Qiient-In-Viesis;T6;▫️ Маленькие (Разбросаны);🔵 Синие, 🟢 Зеленые, 🐅 Шкура (x2)
Petos-Aietam;T6;📦 Большие (Главный спавн);🟡 Золотые (x4), 🟢 Зеленые, 🌲 Дерево, 🌿 Волокно
Qiient-Si-Odesum;T6;▫️ Маленькие (Разбросаны);🔵 Синие, 🟢 Зеленые (x5), 🌲 Дерево
Setent-Nusum;T6;▫️ Маленькие (Разбросаны);🟢 Зеленые (x5), 🪨 Камень, 🌿 Волокно
Siros-Obobrom;T6;▫️ Маленькие (Разбросаны);🟡 Золотые (x2), 🔵 Синие, 🟢 Зеленые (x2)
Xasos-Oneulum;T6;▫️ Маленькие (Разбросаны);🟡 Золотые (x2), 🔵 Синие (x2), 🐅 Шкура (x2), 🦇 Данж
Poues-Unatam;T6;📦 Большие (Главный спавн);🟡 Золотые (x2), 🟢 Зеленые (x2), 🌲 Дерево, 🦇 Данж
Foros-Egoisum;T6;▫️ Маленькие (Разбросаны);🔵 Синие, 🟢 Зеленые, 🪨 Камень, 🌲 Дерево, 🦇 Данж (x2)
Qiient-Et-Qinsum;T6;▫️ Маленькие (Разбросаны);🟢 Зеленые (x5), 🌲 Дерево (x2)
Synitos-Ososlos;T6;📦 Большие (Главный спавн);🔵 Синие (x2), 🟢 Зеленые (x4), 🦇 Данж (x2)
Ooros-Ataltum;T6;▫️ Маленькие (Разбросаны);🟡 Золотые (x2), 🟢 Зеленые (x5), 🐅 Шкура
Tiros-Ouultum;T6;▫️ Маленькие (Разбросаны);🟡 Золотые, 🟢 Зеленые (x4), 🐅 Шкура (x2), ⛏ Руда (x2)
Qiient-Al-Nusom;T6;▫️ Маленькие (Разбросаны);🔵 Синие (x2), 🟢 Зеленые, ⛏ Руда
Qiient-Qi-Odesas;T6;▫️ Маленькие (Разбросаны);🔵 Синие, 🟢 Зеленые, 🐅 Шкура, ⛏ Руда
Oynos-Oyozam;T6;📦 Большие (Главный спавн);🟡 Золотые, 🔵 Синие, ⛏ Руда (x3), 🌲 Дерево, 🦇 Данж (x2)
Hetitos-Iuaerom;T6;▫️ Маленькие (Разбросаны);🟢 Зеленые (x6), 🐅 Шкура (x2), 🦇 Данж
Casitos-Atinaum;T6;▫️ Маленькие (Разбросаны);🟡 Золотые (x3), 🔵 Синие, 🟢 Зеленые (x3), 🌿 Волокно
Fouos-Amaurom;T6;▫️ Маленькие (Разбросаны);🟡 Золотые, 🔵 Синие, 🟢 Зеленые, 🌲 Дерево, 🐅 Шкура, 🦇 Данж
Fuyitos-Ayiotum;T6;▫️ Маленькие (Разбросаны);🔵 Синие, 🟢 Зеленые (x3), 🌿 Волокно, 🪨 Камень, 🌲 Дерево
Hilitos-Osuorom;T6;▫️ Маленькие (Разбросаны);🟡 Золотые (x2), 🔵 Синие, 🌿 Волокно, 🦇 Данж (x2)
Secent-Vyntum;T6;▫️ Маленькие (Разбросаны);🔵 Синие, 🟢 Зеленые, 🌲 Дерево (x2)
Seritos-Onaytum;T6;▫️ Маленькие (Разбросаны);🟡 Золотые, 🔵 Синие, 🟢 Зеленые, 🌿 Волокно (x2)
Tasos-Iriglos;T6;📦 Большие (Главный спавн);🟡 Золотые (x2), 🟢 Зеленые (x5), 🌲 Дерево, 🪨 Камень
Casos-Ayosrom;T6;▫️ Маленькие (Разбросаны);🟢 Зеленые (x6), 🌲 Дерево (x2), 🪨 Камень, 🐅 Шкура, 🦇 Данж
Huyes-Ogozlum;T6;▫️ Маленькие (Разбросаны);🟢 Зеленые (x5), 🐅 Шкура (x2), ⛏ Руда, 🌿 Волокно, 🦇 Данж
Firos-Aiavam;T6;📦 Большие (Главный спавн);🟡 Золотые (x2), 🔵 Синие, 🟢 Зеленые (x3), ⛏ Руда
Qiitun-Duosum;T6;▫️ Маленькие (Разбросаны);🔵 Синие (x2), 🟢 Зеленые, 🌿 Волокно
Setent-Vietis;T6;▫️ Маленькие (Разбросаны);🔵 Синие (x2), 🟢 Зеленые, 🌲 Дерево
Couos-Opodam;T6;📦 Большие (Главный спавн);🟡 Золотые (x3), 🔵 Синие, 🟢 Зеленые (x2), 🌿 Волокно, 🦇 Данж
Fieites-Unavtum;T6;▫️ Маленькие (Разбросаны);🔵 Синие, 🟢 Зеленые, ⛏ Руда (x2), 🦇 Данж (x3)
Fonitos-Amaurom;T6;▫️ Маленькие (Разбросаны);🟡 Золотые, 🔵 Синие, 🟢 Зеленые, 🌲 Дерево, 🐅 Шкура, 🦇 Данж
Pirites-Unatam;T6;📦 Большие (Главный спавн);🟡 Золотые (x2), 🟢 Зеленые (x2), 🌲 Дерево, 🌿 Волокно, 🦇 Данж
Pynos-Opabrom;T6;▫️ Маленькие (Разбросаны);🟡 Золотые (x2), 🟢 Зеленые (x4), 🌿 Волокно, 🦇 Данж
Qiient-Al-Vynsis;T6;▫️ Маленькие (Разбросаны);🔵 Синие (x2), 🟢 Зеленые, 🌿 Волокно
Quaent-In-Odesum;T6;▫️ Маленькие (Разбросаны);🟢 Зеленые (x5), 🪨 Камень, 🌿 Волокно
Sasos-Egeylos;T6;📦 Большие (Главный спавн);🟢 Зеленые (x6), 🌲 Дерево, ⛏ Руда, 🌿 Волокно, 🦇 Данж (x2)
Oeritos-Oyexlos;T6;📦 Большие (Главный спавн);🟡 Золотые, 🟢 Зеленые (x4), 🌲 Дерево (x2), 🪨 Камень, 🌿 Волокно, 🦇 Данж (x2)
Casos-Aximam;T6;📦 Большие (Главный спавн);🔵 Синие (x2), 🟢 Зеленые (x2), ⛏ Руда (x2), 🦇 Данж (x2)
Hasos-Agoitum;T6;▫️ Маленькие (Разбросаны);🟢 Зеленые (x5), 🪨 Камень, 🌿 Волокно, 🌲 Дерево, 🦇 Данж
Quatun-Odetum;T6;▫️ Маленькие (Разбросаны);🔵 Синие, 🟢 Зеленые, 🌿 Волокно, 🌲 Дерево
Settun-AL-Nusis;T6;▫️ Маленькие (Разбросаны);🔵 Синие, 🟢 Зеленые (x5), 🐅 Шкура
Tieitos-Ouultum;T6;▫️ Маленькие (Разбросаны);🟡 Золотые, 🟢 Зеленые (x4), 🐅 Шкура (x2), ⛏ Руда (x2)
Sasos-Oiozlum;T6;▫️ Маленькие (Разбросаны);🟡 Золотые (x3), 🟢 Зеленые, ⛏ Руда, 🪨 Камень, 🦇 Данж
Xoritos-Aiairom;T6;▫️ Маленькие (Разбросаны);🟡 Золотые (x2), 🔵 Синие, 🟢 Зеленые (x2), ⛏ Руда
Settun-In-Odetum;T6;▫️ Маленькие (Разбросаны);🔵 Синие, 🟢 Зеленые, 🪨 Камень, 🌿 Волокно
Hasos-Ayousum;T6;▫️ Маленькие (Разбросаны);🟡 Золотые, 🟢 Зеленые (x2), 🐅 Шкура, 🌿 Волокно (x2)
Pebos-Avosrom;T6;▫️ Маленькие (Разбросаны);🟢 Зеленые (x3), 🐅 Шкура, 🌿 Волокно (x2), 🦇 Данж (x4)
Xynitos-Obursum;T6;▫️ Маленькие (Разбросаны);🔵 Синие, 🟢 Зеленые (x5), 🐅 Шкура, ⛏ Руда, 🦇 Данж
Setent-Qintis;T6;▫️ Маленькие (Разбросаны);🟢 Зеленые (x5), 🌲 Дерево (x2)
Fouos-Agosaum;T6;▫️ Маленькие (Разбросаны);🔵 Синие, 🟢 Зеленые (x5), 🪨 Камень, ⛏ Руда, 🦇 Данж
Hiros-Exozlos;T6;📦 Большие (Главный спавн);🟢 Зеленые (x5), 🐅 Шкура (x3), 🦇 Данж (x2)
Sectun-Qinsom;T6;▫️ Маленькие (Разбросаны);🔵 Синие (x2), 🟢 Зеленые, 🪨 Камень
Oiritos-Eramtum;T6;▫️ Маленькие (Разбросаны);🟡 Золотые (x2), 🪨 Камень, ⛏ Руда, 🐅 Шкура, 🌲 Дерево (x2)
Petitos-Avosrom;T6;▫️ Маленькие (Разбросаны);🟢 Зеленые (x3), 🐅 Шкура, 🌲 Дерево, 🦇 Данж (x4)
Tasitos-Ulaurom;T6;▫️ Маленькие (Разбросаны);🟢 Зеленые (x8), ⛏ Руда (x2), 🌿 Волокно, 🦇 Данж
Sectun-In-Odesis;T6;▫️ Маленькие (Разбросаны);🔵 Синие, 🟢 Зеленые, 🪨 Камень, 🐅 Шкура
Setent-Et-Nusum;T6;▫️ Маленькие (Разбросаны);🟢 Зеленые (x5), 🪨 Камень, 🌿 Волокно
Hynites-Ogozlum;T6;▫️ Маленькие (Разбросаны);🟢 Зеленые (x5), 🐅 Шкура (x2), ⛏ Руда, 🌿 Волокно, 🦇 Данж
Quaent-Tersis;T6;▫️ Маленькие (Разбросаны);🔵 Синие, 🟢 Зеленые, ⛏ Руда, 🐅 Шкура
Qiitun-Et-Vietis;T6;▫️ Маленькие (Разбросаны);🔵 Синие, 🟢 Зеленые (x5), 🪨 Камень
Sebos-Ugersum;T6;▫️ Маленькие (Разбросаны);🟢 Зеленые (x5), 🌲 Дерево (x2), 🦇 Данж (x2)
Secent-Nutum;T6;▫️ Маленькие (Разбросаны);🔵 Синие, 🟢 Зеленые, ⛏ Руда, 🌲 Дерево
Seritos-Egeylos;T6;📦 Большие (Главный спавн);🔵 Синие (x5), 🌲 Дерево, ⛏ Руда, 🌿 Волокно, 🦇 Данж (x2)
Settun-Odetum;T6;▫️ Маленькие (Разбросаны);🔵 Синие (x5), 🌲 Дерево, 🌿 Волокно
Siros-Ofurlos;T6;📦 Большие (Главный спавн);🟡 Золотые (x2), 🌿 Волокно (x2), 🦇 Данж
Oiros-Alaiam;T6;📦 Большие (Главный спавн);🟡 Золотые, 🟢 Зеленые (x2), 🦇 Данж (x2)
Hebos-Ulamsum;T6;▫️ Маленькие (Разбросаны);🟢 Зеленые (x5), 🪨 Камень (x2), 🌲 Дерево, 🐅 Шкура (x2), 🦇 Данж
Curos-Avulsum;T6;▫️ Маленькие (Разбросаны);🔵 Синие, 🟢 Зеленые, ⛏ Руда, 🪨 Камень, 🌲 Дерево, 🦇 Данж
Huyitos-agoitum;T6;▫️ Маленькие (Разбросаны);🟢 Зеленые (x5), 🌲 Дерево, 🌿 Волокно, 🪨 Камень, 🦇 Данж
Hasos-Osuorom;T6;▫️ Маленькие (Разбросаны);🟡 Золотые (x2), 🔵 Синие, 🌿 Волокно, 🦇 Данж
Qiient-Sa-Odetis;T6;▫️ Маленькие (Разбросаны);🟢 Зеленые (x5), 🐅 Шкура, 🪨 Камень
Hebitos-Atontum;T6;▫️ Маленькие (Разбросаны);🟡 Золотые (x2), 🟢 Зеленые (x3), 🌲 Дерево, 🪨 Камень, 🦇 Данж
Heritos-Inayaum;T6;▫️ Маленькие (Разбросаны);🔵 Синие, 🟢 Зеленые (x2), 🦇 Данж, 🌲 Дерево, 🌿 Волокно
Heros-Atoyam;T6;📦 Большие (Главный спавн);🟡 Золотые, 🔵 Синие, 🟢 Зеленые (x3), 🦇 Данж (x3)
Hilites-Ugumtum;T6;▫️ Маленькие (Разбросаны);🟢 Зеленые (x8), ⛏ Руда, 🐅 Шкура, 🪨 Камень
Honos-Umayaum;T6;▫️ Маленькие (Разбросаны);🔵 Синие, 🟢 Зеленые (x3), 🌿 Волокно (x2), 🪨 Камень, 🦇 Данж
Horos-Ohenlum;T6;▫️ Маленькие (Разбросаны);🟡 Золотые, 🟢 Зеленые (x3), 🪨 Камень, 🌲 Дерево, 🦇 Данж
Firos-Osinsum;T6;▫️ Маленькие (Разбросаны);🟡 Золотые (x3), 🔵 Синие, ⛏ Руда, 🦇 Данж
Huritos-Iuimaum;T6;▫️ Маленькие (Разбросаны);🟢 Зеленые (x5), 🦇 Данж (x2), 🌲 Дерево (x2), ⛏ Руда, 🐅 Шкура
Huritos-Oiaelos;T6;📦 Большие (Главный спавн);🔵 Синие, 🟢 Зеленые (x9), 🦇 Данж (x2)
Huros-Atontum;T6;▫️ Маленькие (Разбросаны);🟡 Золотые (x2), 🟢 Зеленые (x3), 🪨 Камень, 🌲 Дерево
Huyos-eyoztum;T6;▫️ Маленькие (Разбросаны);🔵 Синие, 🟢 Зеленые, 🐅 Шкура, 🪨 Камень (x2), 🦇 Данж (x2)
Hasitos-Avaolum;T6;▫️ Маленькие (Разбросаны);🔵 Синие, 🟢 Зеленые (x6), 🪨 Камень, 🐅 Шкура
Coritos-Avemlum;T6;▫️ Маленькие (Разбросаны);🔵 Синие, 🟢 Зеленые (x2), 🪨 Камень, 🌲 Дерево, 🌿 Волокно
Hynitos-Atoyam;T6;📦 Большие (Главный спавн);🟡 Золотые, 🔵 Синие, 🟢 Зеленые (x3), 🦇 Данж (x3)
Hynitos-Ayousum;T6;▫️ Маленькие (Разбросаны);🟡 Золотые, 🟢 Зеленые (x2), 🐅 Шкура, 🌿 Волокно (x2)
Hynitos-Ulamsum;T6;▫️ Маленькие (Разбросаны);🟢 Зеленые (x5), 🐅 Шкура (x2), 🌲 Дерево, 🦇 Данж, 🪨 Камень (x2)
Hynos-Oiaelos;T6;📦 Большие (Главный спавн);🔵 Синие, 🟢 Зеленые (x9), 🦇 Данж
Oetos-Ofailos;T6;📦 Большие (Главный спавн);🟡 Золотые, 🟢 Зеленые (x4), 🦇 Данж (x3)
Oetos-Oyexlos;T6;📦 Большие (Главный спавн);🟡 Золотые, 🟢 Зеленые (x4), 🌲 Дерево (x2), 🪨 Камень, 🌿 Волокно, 🦇 Данж
Oures-Araosum;T6;▫️ Маленькие (Разбросаны);🟢 Зеленые (x3), 🐅 Шкура, 🌿 Волокно, ⛏ Руда, 🪨 Камень, 🦇 Данж (x3)
Ouritos-Ataltum;T6;▫️ Маленькие (Разбросаны);🟡 Золотые (x2), 🟢 Зеленые (x5), 🐅 Шкура
Hasitos-Umayaum;T6;▫️ Маленькие (Разбросаны);🔵 Синие, 🟢 Зеленые (x3), 🌿 Волокно (x2), 🪨 Камень, 🦇 Данж
Oynites-Oloblum;T6;▫️ Маленькие (Разбросаны);🟡 Золотые (x2), 🟢 Зеленые, 🐅 Шкура, 🌿 Волокно, 🦇 Данж (x3)
Oynos-Eramtum;T6;▫️ Маленькие (Разбросаны);🟡 Золотые (x2), 🦇 Данж, 🪨 Камень, 🌲 Дерево (x2), ⛏ Руда, 🐅 Шкура
Hasos-Iuimaum;T6;▫️ Маленькие (Разбросаны);🟢 Зеленые (x5), 🌲 Дерево (x2), ⛏ Руда, 🐅 Шкура, 🦇 Данж (x2)
Secent-Viesum;T6;▫️ Маленькие (Разбросаны);🟢 Зеленые (x5), 🐅 Шкура (x2)
Peros-Aiataum;T6;▫️ Маленькие (Разбросаны);🟢 Зеленые (x3), 🐅 Шкура, 🪨 Камень, 🦇 Данж (x2)
Cynitos-Atatlum;T6;▫️ Маленькие (Разбросаны);🟡 Золотые, 🟢 Зеленые (x5), 🦇 Данж (x2)
Cetitos-Aiayrom;T6;▫️ Маленькие (Разбросаны);🔵 Синие, 🟢 Зеленые (x3), 🌿 Волокно, 🪨 Камень, 🦇 Данж
Cetitos-Avixnum;T6;▫️ Маленькие (Разбросаны);🔵 Синие, 🟢 Зеленые (x7), 🌿 Волокно, 🌲 Дерево, ⛏ Руда
Cetitos-Aximam;T6;📦 Большие (Главный спавн);🔵 Синие (x2), 🟢 Зеленые, ⛏ Руда (x2), 🦇 Данж (x2)
Cieites-Ugumlos;T6;📦 Большие (Главный спавн);🔵 Синие, 🟢 Зеленые, 🌲 Дерево, 🪨 Камень, 🐅 Шкура, ⛏ Руда, 🦇 Данж
Cieitos-Ayosrom;T6;▫️ Маленькие (Разбросаны);🟢 Зеленые (x6), 🪨 Камень, 🐅 Шкура, 🌲 Дерево (x2), 🦇 Данж
Cieos-Atatlum;T6;▫️ Маленькие (Разбросаны);🟡 Золотые, 🟢 Зеленые (x5), 🦇 Данж (x2)
Cilitos-Opodam;T6;📦 Большие (Главный спавн);🟡 Золотые (x3), 🔵 Синие, 🟢 Зеленые (x2), 🌿 Волокно
Conos-Avaelum;T6;▫️ Маленькие (Разбросаны);🟢 Зеленые (x8), 🟡 Золотые, 🪨 Камень
Coros-Atinaum;T6;▫️ Маленькие (Разбросаны);🟡 Золотые (x3), 🔵 Синие, 🟢 Зеленые (x3), 🌿 Волокно
Couos-Ayayaum;T6;▫️ Маленькие (Разбросаны);🟡 Золотые (x2), 🔵 Синие, 🟢 Зеленые (x3), 🪨 Камень, 🌲 Дерево
Setos-Avamsum;T6;▫️ Маленькие (Разбросаны);🟢 Зеленые (x6), 🌲 Дерево, 🐅 Шкура
Qiient-Nutis;T6;▫️ Маленькие (Разбросаны);🟢 Зеленые (x5), 🌿 Волокно, 🌲 Дерево
Cynos-Avixnum;T6;▫️ Маленькие (Разбросаны);🟢 Зеленые (x7), 🌿 Волокно, 🌲 Дерево, ⛏ Руда
Furitos-Aiavam;T6;📦 Большие (Главный спавн);🟡 Золотые (x2), 🔵 Синие, 🟢 Зеленые (x3), ⛏ Руда
Fasitos-Oleraum;T6;▫️ Маленькие (Разбросаны);🟡 Золотые (x3), 🟢 Зеленые, 🦇 Данж, ⛏ Руда, 🐅 Шкура
Fasos-Ayiotum;T6;▫️ Маленькие (Разбросаны);🔵 Синие, 🟢 Зеленые (x3), 🌿 Волокно, 🌲 Дерево, 🪨 Камень, 🦇 Данж
Puros-Ofavam;T6;📦 Большие (Главный спавн);🟡 Золотые, 🟢 Зеленые (x3), 🦇 Данж (x4)
Fetos-Aiaylos;T6;📦 Большие (Главный спавн);🔵 Синие, 🟢 Зеленые (x6), 🦇 Данж (x4)
Fieos-Aiuttum;T6;▫️ Маленькие (Разбросаны);🟡 Золотые (x3), 🌿 Волокно, 🟢 Зеленые (x2), 🐅 Шкура, ⛏ Руда
Oebitos-Oyozam;T6;📦 Большие (Главный спавн);🟡 Золотые, 🔵 Синие, ⛏ Руда (x3), 🦇 Данж
Firos-Ezatam;T6;📦 Большие (Главный спавн);🟡 Золотые, 🔵 Синие, 🟢 Зеленые (x4), 🌿 Волокно
Firos-Osinsum;T6;▫️ Маленькие (Разбросаны);🟡 Золотые (x3), 🔵 Синие, ⛏ Руда, 🦇 Данж
Fonos-Oleraum;T6;▫️ Маленькие (Разбросаны);🟡 Золотые (x3), 🟢 Зеленые, 🐅 Шкура, ⛏ Руда, 🦇 Данж
Foritos-Aiaylos;T6;📦 Большие (Главный спавн);🔵 Синие, 🟢 Зеленые (x6), 🦇 Данж (x4)
Settun-Tersom;T6;▫️ Маленькие (Разбросаны);🔵 Синие (x2), 🟢 Зеленые, ⛏ Руда
Fouitos-Aiattum;T6;▫️ Маленькие (Разбросаны);🟡 Золотые (x3), 🟢 Зеленые (x2), 🐅 Шкура, ⛏ Руда
Pouitos-Ofairom;T6;▫️ Маленькие (Разбросаны);🟡 Золотые, 🟢 Зеленые (x5), ⛏ Руда, 🦇 Данж
Ouritos-Ofailos;T6;📦 Большие (Главный спавн);🟡 Золотые, 🟢 Зеленые (x4), 🦇 Данж (x3)
Soues-Uzurtum;T6;▫️ Маленькие (Разбросаны);🟡 Золотые (x3), 🌿 Волокно (x2), ⛏ Руда, 🦇 Данж
Soritos-Aiaitum;T6;▫️ Маленькие (Разбросаны);🟡 Золотые, 🟢 Зеленые (x2), 🌲 Дерево, ⛏ Руда, 🦇 Данж
Souitos-Oiozlum;T6;▫️ Маленькие (Разбросаны);🟡 Золотые (x3), 🟢 Зеленые, ⛏ Руда, 🪨 Камень, 🦇 Данж
Souos-Ososlos;T6;📦 Большие (Главный спавн);🔵 Синие (x2), 🟢 Зеленые (x4), 🦇 Данж (x2)
Synitos-Availos;T6;📦 Большие (Главный спавн);🟡 Золотые, 🟢 Зеленые (x3), 🌿 Волокно (x2), 🌲 Дерево, 🪨 Камень
Synitos-Ofurlos;T6;📦 Большие (Главный спавн);🟡 Золотые (x2), 🟢 Зеленые, 🦇 Данж, 🌿 Волокно
Setent-Al-Vietis;T6;▫️ Маленькие (Разбросаны);🔵 Синие (x2), 🟢 Зеленые, 🌲 Дерево
Tasitos-Obayam;T6;📦 Большие (Главный спавн);🔵 Синие (x3), 🟢 Зеленые (x3), 🦇 Данж
Setent-Al-Vietis;T6;▫️ Маленькие (Разбросаны);🔵 Синие (x2), 🟢 Зеленые, 🌲 Дерево
Secent-al-tersum;T6;▫️ Маленькие (Разбросаны);🔵 Синие (x2), 🟢 Зеленые, 🌿 Волокно
Tetos-Ulaurom;T6;▫️ Маленькие (Разбросаны);🟢 Зеленые (x8), 🌿 Волокно, ⛏ Руда (x2), 🦇 Данж
Tonitos-Igurlum;T6;▫️ Маленькие (Разбросаны);🟡 Золотые, 🔵 Синие, 🟢 Зеленые, 🦇 Данж (x2), 🪨 Камень, ⛏ Руда
Tynos-Eyexrom;T6;▫️ Маленькие (Разбросаны);🔵 Синие (x2), 🦇 Данж (x2), 🪨 Камень (x2), 🐅 Шкура, 🌿 Волокно
Tynos-Uxavrom;T6;▫️ Маленькие (Разбросаны);🟡 Золотые, 🔵 Синие, 🟢 Зеленые (x4), 🦇 Данж, 🪨 Камень (x2)
Xases-Oxoulum;T6;▫️ Маленькие (Разбросаны);🔵 Синие, 🟢 Зеленые (x5), 🦇 Данж, 🌲 Дерево, 🐅 Шкура
Xebos-Emimsum;T6;▫️ Маленькие (Разбросаны);🟢 Зеленые (x4), ⛏ Руда (x2), 🌲 Дерево, 🪨 Камень, 🦇 Данж
Xerites-Oxoulum;T6;▫️ Маленькие (Разбросаны);🔵 Синие, 🟢 Зеленые (x5), 🌲 Дерево, 🐅 Шкура, 🦇 Данж
Xetitos-Emimsum;T6;▫️ Маленькие (Разбросаны);🟢 Зеленые (x4), 🦇 Данж, 🪨 Камень, 🌲 Дерево, ⛏ Руда (x2)
Xetos-Obursum;T6;▫️ Маленькие (Разбросаны);🔵 Синие, 🟢 Зеленые (x5), ⛏ Руда, 🐅 Шкура, 🦇 Данж
Xilitos-Aoemaum;T6;▫️ Маленькие (Разбросаны);🟡 Золотые, 🟢 Зеленые (x4), ⛏ Руда, 🌿 Волокно, 🐅 Шкура, 🌲 Дерево, 🦇 Данж
Xilos-Osayam;T6;📦 Большие (Главный спавн);🟡 Золотые, 🔵 Синие (x2), 🟢 Зеленые (x2), 🦇 Данж (x2)
Xiros-Aiairom;T6;▫️ Маленькие (Разбросаны);🟡 Золотые (x2), 🔵 Синие, 🟢 Зеленые (x2), ⛏ Руда
Xoritos-Exostum;T6;▫️ Маленькие (Разбросаны);🔵 Синие, 🟢 Зеленые (x5), 🌲 Дерево, 🌿 Волокно, 🦇 Данж
Xoritos-Osayam;T6;📦 Большие (Главный спавн);🟡 Золотые, 🔵 Синие (x2), 🟢 Зеленые (x2), 🦇 Данж (x2)
Hasos-Inayaum;T6;▫️ Маленькие (Разбросаны);🔵 Синие, 🟢 Зеленые (x2), 🌲 Дерево, 🌿 Волокно, 🦇 Данж
Xynos-Oyogam;T6;📦 Большие (Главный спавн);🟡 Золотые (x2), 🔵 Синие (x2), 🟢 Зеленые, 🦇 Данж, 🪨 Камень (x2)
Coros-Aiayrom;T6;▫️ Маленькие (Разбросаны);🔵 Синие, 🟢 Зеленые (x3), 🌿 Волокно, 🪨 Камень, 🦇 Данж
Soritos-Avamsum;T6;▫️ Маленькие (Разбросаны);🟢 Зеленые (x6), 🦇 Данж, 🌲 Дерево, 🐅 Шкура
Fynitos-Egoisum;T6;▫️ Маленькие (Разбросаны);🔵 Синие, 🟢 Зеленые, 🪨 Камень, 🌲 Дерево, 🦇 Данж (x2)
Quaent-Al-Nusis;T6;▫️ Маленькие (Разбросаны);🔵 Синие, 🟢 Зеленые, 🐅 Шкура, 🪨 Камень
Secent-Et-Vyntum;T6;▫️ Маленькие (Разбросаны);🔵 Синие, 🟢 Зеленые, 🌲 Дерево (x2)
Quaent-Al-Viesom;T6;▫️ Маленькие (Разбросаны);🟢 Зеленые (x5), ⛏ Руда (x2)
Quaent-Al-Vynsum;T6;▫️ Маленькие (Разбросаны);🔵 Синие, 🟢 Зеленые (x5), 🐅 Шкура
Puyitos-Aiataum;T6;▫️ Маленькие (Разбросаны);🟢 Зеленые (x3), 🦇 Данж (x3), 🐅 Шкура
Quatun-Et-Nusas;T6;▫️ Маленькие (Разбросаны);🟢 Зеленые (x5), 🪨 Камень (x2)
Quatun-Nusas;T6;▫️ Маленькие (Разбросаны);🟢 Зеленые (x5), 🪨 Камень (x2), 🌲 Дерево
Secent-Al-Duosom;T6;▫️ Маленькие (Разбросаны);🟢 Зеленые (x5), 🌲 Дерево, ⛏ Руда
Secent-AI-Odetis;T6;▫️ Маленькие (Разбросаны);🟢 Зеленые (x5), 🪨 Камень
Sectun-in-Vyntis;T6;▫️ Маленькие (Разбросаны);🟢 Зеленые (x5), 🪨 Камень, 🐅 Шкура
Sectun-Tersas;T6;▫️ Маленькие (Разбросаны);🟢 Зеленые (x5), 🌲 Дерево, ⛏ Руда
Setitos-Obobrom;T6;▫️ Маленькие (Разбросаны);🟡 Золотые (x2), 🔵 Синие, 🟢 Зеленые (x2), 🦇 Данж (x2)
Settun-Al-Odetum;T6;▫️ Маленькие (Разбросаны);🔵 Синие, 🟢 Зеленые, 🪨 Камень
Piritos-Opabrom;T6;▫️ Маленькие (Разбросаны);🟡 Золотые (x2), 🟢 Зеленые (x4), 🌿 Волокно, 🦇 Данж
Sieos-Ofugtum;T6;▫️ Маленькие (Разбросаны);🟡 Золотые (x3), 🟢 Зеленые (x2), 🪨 Камень, 🦇 Данж
Qiient-Tersom;T6;▫️ Маленькие (Разбросаны);🔵 Синие (x2), 🟢 Зеленые, 🪨 Камень, 🌲 Дерево
Conitos-Uruxtum;T4;▫️ Маленькие (Разбросаны);🔵 Синие, 🟢 Зеленые (x6), 🌲 Дерево, 🦇 Данж
Silos-Apenlum;T4;▫️ Маленькие (Разбросаны);🟢 Зеленые (x5), 🌲 Дерево (x2), 🪨 Камень, ⛏ Руда
Coues-Exakrom;T4;▫️ Маленькие (Разбросаны);🔵 Синие, 🟢 Зеленые (x8), 🦇 Данж
Conitos-uruxtum;T4;▫️ Маленькие (Разбросаны);🔵 Синие, 🟢 Зеленые (x6), 🌲 Дерево, 🦇 Данж
Conitos-uruxtum;T4;▫️ Маленькие (Разбросаны);🔵 Синие, 🟢 Зеленые (x6), 🌲 Дерево, 🦇 Данж
Ooros-Ecunsum;T4;▫️ Маленькие (Разбросаны);🟢 Зеленые (x5), 🌲 Дерево, ⛏ Руда (x3), 🌿 Волокно, 🐅 Шкура, 🦇 Данж (x2)
Puros-Amayam;T4;📦 Большие (Главный спавн);🔵 Синие, 🟢 Зеленые (x4), 🦇 Данж (x2)
Huyos-Uxeulum;T4;▫️ Маленькие (Разбросаны);🔵 Синие, 🟢 Зеленые (x8), 🌲 Дерево, 🦇 Данж
Oasos-Uromlum;T4;▫️ Маленькие (Разбросаны);🔵 Синие, 🟢 Зеленые (x2), 🌲 Дерево, 🐅 Шкура, 🌿 Волокно, 🦇 Данж
Tuyitos-Auiusum;T4;▫️ Маленькие (Разбросаны);🔵 Синие, 🟢 Зеленые (x2), 🪨 Камень (x2), 🐅 Шкура
Conitos-Ofailos;T4;📦 Большие (Главный спавн);🔵 Синие (x2), 🟢 Зеленые (x3), 🦇 Данж (x2)
Sonitos-Ayailos;T4;📦 Большие (Главный спавн);🔵 Синие, 🟢 Зеленые (x7), 🦇 Данж
Oieos-Umiutum;T4;▫️ Маленькие (Разбросаны);🟢 Зеленые (x3), 🐅 Шкура, 🪨 Камень, ⛏ Руда, 🦇 Данж
Xouitos-Aeoilos;T4;📦 Большие (Главный спавн);🔵 Синие (x3), 🟢 Зеленые (x3), 🦇 Данж
Cieitos-Avioaum;T4;▫️ Маленькие (Разбросаны);🔵 Синие, 🟢 Зеленые (x2), ⛏ Руда, 🐅 Шкура, 🪨 Камень (x2)
Cetos-Obaelos;T4;📦 Большие (Главный спавн);🔵 Синие (x2), 🟢 Зеленые (x3), 🦇 Данж (x2)
Ceros-Aeaylum;T4;▫️ Маленькие (Разбросаны);🔵 Синие, 🟢 Зеленые (x3), 🌲 Дерево, ⛏ Руда, 🐅 Шкура
Fynites-Aeaosum;T4;▫️ Маленькие (Разбросаны);🔵 Синие, 🟢 Зеленые, 🐅 Шкура, ⛏ Руда
Coros-Alieam;T4;📦 Большие (Главный спавн);🔵 Синие, 🟢 Зеленые (x2), 🌿 Волокно, ⛏ Руда, 🪨 Камень
Cebitos-Aeaylum;T4;▫️ Маленькие (Разбросаны);🔵 Синие, 🟢 Зеленые (x3), 🌲 Дерево, ⛏ Руда, 🐅 Шкура
Coues-Exakrom;T4;▫️ Маленькие (Разбросаны);🔵 Синие, 🟢 Зеленые (x8), 🦇 Данж
Casitos-Alieam;T4;📦 Большие (Главный спавн);🔵 Синие, 🟢 Зеленые (x2), 🌿 Волокно, ⛏ Руда, 🪨 Камень
Conitos-Oxaeaum;T4;▫️ Маленькие (Разбросаны);🔵 Синие, 🟢 Зеленые (x2), 🌿 Волокно, 🐅 Шкура, 🦇 Данж
Peritos-Oconun;T4;📦 Большие (Главный спавн);🔵 Синие, 🟢 Зеленые (x3), 🐅 Шкура (x3), 🪨 Камень
Xuyitos-Aioblos;T4;📦 Большие (Главный спавн);🔵 Синие, 🟢 Зеленые (x6), 🪨 Камень, 🦇 Данж (x3)
Xiles-Aiavlum;T4;▫️ Маленькие (Разбросаны);🔵 Синие, 🟢 Зеленые (x6), 🌲 Дерево, 🌿 Волокно
Tetos-Igaelum;T4;▫️ Маленькие (Разбросаны);🔵 Синие, 🟢 Зеленые (x7), 🌿 Волокно, 🌲 Дерево, 🦇 Данж
Teros-Auiusum;T4;▫️ Маленькие (Разбросаны);🔵 Синие, 🟢 Зеленые (x2), 🐅 Шкура, 🪨 Камень (x2)
Synos-Ayailos;T4;📦 Большие (Главный спавн);🔵 Синие (x1), 🟢 Зеленые (x7), 🦇 Данж (x1)
Synites-Aoarsum;T4;▫️ Маленькие (Разбросаны);🔵 Синие, 🟢 Зеленые, 🌿 Волокно (x2), ⛏ Руда, 🐅 Шкура
Soritos-Apenlum;T4;▫️ Маленькие (Разбросаны);🟢 Зеленые (x5), 🌲 Дерево (x2), ⛏ Руда, 🪨 Камень
Siritos-Avoirom;T4;▫️ Маленькие (Разбросаны);🔵 Синие, 🟢 Зеленые (x8), 🦇 Данж, 🌿 Волокно
Sasitos-Umogaum;T4;▫️ Маленькие (Разбросаны);🔵 Синие, 🟢 Зеленые, 🌲 Дерево (x2), 🪨 Камень, ⛏ Руда
Sases-Aoarsum;T4;▫️ Маленькие (Разбросаны);🔵 Синие, 🟢 Зеленые, 🌿 Волокно (x2), 🐅 Шкура, ⛏ Руда
Poros-Oconun;T4;📦 Большие (Главный спавн);🔵 Синие, 🟢 Зеленые (x3), 🪨 Камень, 🐅 Шкура (x3)
Poros-Aiayrom;T4;▫️ Маленькие (Разбросаны);🟢 Зеленые (x4), 🦇 Данж (x3), 🪨 Камень, 🌲 Дерево, ⛏ Руда
Pieos-Eterrom;T4;▫️ Маленькие (Разбросаны);🟢 Зеленые (x6), 🪨 Камень (x2), 🌲 Дерево, 🐅 Шкура, 🌿 Волокно
Petitos-Amayam;T4;📦 Большие (Главный спавн);🔵 Синие, 🟢 Зеленые (x4), 🦇 Данж (x2)
Peritos-Avosam;T4;📦 Большие (Главный спавн);🔵 Синие, 🟢 Зеленые (x3), 🦇 Данж (x2)
Tetitos-Ayoslum;T4;▫️ Маленькие (Разбросаны);🔵 Синие, 🟢 Зеленые (x6), 🐅 Шкура, 🌿 Волокно
Oieitos-Ixakaum;T4;▫️ Маленькие (Разбросаны);🟢 Зеленые (x4), 🌲 Дерево (x2), ⛏ Руда, 🦇 Данж (x2)
Hynes-Exemrom;T4;▫️ Маленькие (Разбросаны);🔵 Синие, 🟢 Зеленые (x2), 🐅 Шкура, 🪨 Камень (x2), ⛏ Руда (x2)
Hurites-Ouaylos;T4;📦 Большие (Главный спавн);🔵 Синие, 🟢 Зеленые (x8), 🪨 Камень
Hebites-Exemrom;T4;▫️ Маленькие (Разбросаны);🔵 Синие, 🟢 Зеленые (x2), ⛏ Руда (x2), 🪨 Камень
Fynitos-Abalam;T4;📦 Большие (Главный спавн);🔵 Синие (x2), 🟢 Зеленые (x4), 🦇 Данж
Foues-Aeaosum;T4;▫️ Маленькие (Разбросаны);🔵 Синие, 🟢 Зеленые (x2), 🐅 Шкура, ⛏ Руда, 🦇 Данж
Fonos-Aiugsum;T4;▫️ Маленькие (Разбросаны);🪨 Камень (x2), 🦇 Данж (x2), 🌲 Дерево, 🌿 Волокно
Firos-Enomaum;T4;▫️ Маленькие (Разбросаны);🔵 Синие, 🟢 Зеленые, 🌿 Волокно, ⛏ Руда, 🐅 Шкура, 🦇 Данж
Feritos-Enomaum;T4;▫️ Маленькие (Разбросаны);🔵 Синие, 🟢 Зеленые, 🌿 Волокно, ⛏ Руда, 🐅 Шкура, 🦇 Данж
Cynitos-Aiagsum;T4;▫️ Маленькие (Разбросаны);🔵 Синие, 🟢 Зеленые (x2), 🌲 Дерево, 🐅 Шкура (x2), 🦇 Данж
Cuyites-Iooinum;T4;▫️ Маленькие (Разбросаны);🔵 Синие, ⛏ Руда (x2), 🌿 Волокно, 🦇 Данж (x2)
Curites-Exakrom;T4;▫️ Маленькие (Разбросаны);🔵 Синие, 🟢 Зеленые (x8), 🦇 Данж
Cieitos-Obaelos;T4;📦 Большие (Главный спавн);🔵 Синие (x2), 🟢 Зеленые (x3), 🦇 Данж (x2)
Cebos-Avemlum;T4;▫️ Маленькие (Разбросаны);🔵 Синие, 🟢 Зеленые (x2), 🌿 Волокно, 🪨 Камень, 🌲 Дерево
Ceres-Iooinum;T4;▫️ Маленькие (Разбросаны);🔵 Синие, ⛏ Руда (x2), 🌿 Волокно, 🦇 Данж (x2)
Hebes-Ouaylos;T4;📦 Большие (Главный спавн);🔵 Синие, 🟢 Зеленые (x8), 🪨 Камень
Hilitos-Aiigaum;T4;▫️ Маленькие (Разбросаны);🔵 Синие, 🟢 Зеленые, ⛏ Руда (x2), 🌿 Волокно, 🪨 Камень, 🦇 Данж (x2)
Pilitos-Eterrom;T4;▫️ Маленькие (Разбросаны);🟢 Зеленые (x6), 🪨 Камень (x2), 🌲 Дерево, 🌿 Волокно, 🐅 Шкура
Oeritos-Ecunsum;T4;▫️ Маленькие (Разбросаны);🟢 Зеленые (x5), ⛏ Руда (x3), 🌲 Дерево, 🌲 Дерево, 🌿 Волокно, 🐅 Шкура
Oasos-Eraerom;T4;▫️ Маленькие (Разбросаны);🟢 Зеленые (x4), 🌲 Дерево, 🌿 Волокно, 🦇 Данж (x2)
Filos-Abalam;T4;📦 Большие (Главный спавн);🔵 Синие (x2), 🟢 Зеленые (x3), 🦇 Данж
Cieitos-Avioaum;T4;▫️ Маленькие (Разбросаны);🔵 Синие, 🟢 Зеленые (x2), ⛏ Руда, 🪨 Камень (x2), 🐅 Шкура, 🦇 Данж
Casos-Uruxtum;T4;▫️ Маленькие (Разбросаны);🔵 Синие, 🟢 Зеленые (x6), 🌲 Дерево, 🦇 Данж
Sebos-Avoirom;T4;▫️ Маленькие (Разбросаны);🔵 Синие, 🟢 Зеленые (x8), 🌿 Волокно, 🦇 Данж
Pynites-Ouozlum;T4;▫️ Маленькие (Разбросаны);🔵 Синие, 🟢 Зеленые, 🌿 Волокно, 🐅 Шкура, 🪨 Камень
Firitos-Alodrom;T4;▫️ Маленькие (Разбросаны);🔵 Синие, 🟢 Зеленые (x2), 🌿 Волокно (x3), 🌲 Дерево
Touos-Uoemtum;T4;▫️ Маленькие (Разбросаны);🔵 Синие, 🟢 Зеленые (x6), ⛏ Руда, 🌲 Дерево, 🪨 Камень
Soros-Axaesum;T4;▫️ Маленькие (Разбросаны);🔵 Синие, 🟢 Зеленые (x7), 🐅 Шкура
Ouyos-Aoeuam;T4;📦 Большие (Главный спавн);🔵 Синие, 🟢 Зеленые (x2), ⛏ Руда, 🌲 Дерево, 🦇 Данж (x2)
Cynos-Oxaeaum;T4;▫️ Маленькие (Разбросаны);🔵 Синие, 🟢 Зеленые (x2), 🌿 Волокно, 🐅 Шкура, 🦇 Данж
Cilos-Ofailos;T4;📦 Большие (Главный спавн);🔵 Синие (x2), 🟢 Зеленые (x3), 🦇 Данж (x2)
Tieos-Ayoslum;T4;▫️ Маленькие (Разбросаны);🔵 Синие, 🟢 Зеленые (x6), 🌿 Волокно, 🐅 Шкура, 🦇 Данж
Oasitos-Aoeuam;T4;📦 Большие (Главный спавн);🔵 Синие, 🟢 Зеленые (x2), ⛏ Руда, 🌲 Дерево, 🦇 Данж (x2)
Oebitos-Eraerom;T4;▫️ Маленькие (Разбросаны);🟢 Зеленые (x4), 🌲 Дерево, 🌿 Волокно, 🦇 Данж (x2)
Cilos-Avioaum;T4;▫️ Маленькие (Разбросаны);🔵 Синие, 🟢 Зеленые (x2), ⛏ Руда, 🐅 Шкура, 🪨 Камень (x2), 🦇 Данж
Oonitos-Umiutum;T4;▫️ Маленькие (Разбросаны);🟢 Зеленые (x3), 🐅 Шкура, 🪨 Камень, ⛏ Руда, 🦇 Данж
Tynos-Atatlos;T4;📦 Большие (Главный спавн);🔵 Синие (x3), 🟢 Зеленые (x3), 🦇 Данж
Xasos-Aeoilos;T4;📦 Большие (Главный спавн);🔵 Синие (x3), 🟢 Зеленые (x3), 🦇 Данж
Oynitos-Uromlum;T4;▫️ Маленькие (Разбросаны);🔵 Синие, 🟢 Зеленые (x2), 🌲 Дерево, 🐅 Шкура, 🌿 Волокно, 🦇 Данж
Fuyitos-Acalun;T4;📦 Большие (Главный спавн);🔵 Синие, 🐅 Шкура, 🪨 Камень, 🌲 Дерево, 🦇 Данж (x2)
Casos-Aiagsum;T4;▫️ Маленькие (Разбросаны);🔵 Синие, 🟢 Зеленые (x2), 🌲 Дерево, 🐅 Шкура (x2), 🦇 Данж
Ponitos-Aiayrom;T4;▫️ Маленькие (Разбросаны);🟢 Зеленые (x4), 🪨 Камень, 🌲 Дерево, ⛏ Руда, 🦇 Данж
Xuros-Eyoztum;T4;▫️ Маленькие (Разбросаны);🔵 Синие, 🟢 Зеленые (x6), 🪨 Камень, 🌿 Волокно, 🐅 Шкура, 🦇 Данж
Pures-Ouozlum;T4;▫️ Маленькие (Разбросаны);🔵 Синие, 🟢 Зеленые, 🐅 Шкура, 🌿 Волокно, 🪨 Камень
Fynitos-Aiugsum;T4;▫️ Маленькие (Разбросаны);🪨 Камень (x2), 🌲 Дерево, 🌿 Волокно, 🦇 Данж (x2)
Febos-Acalun;T4;📦 Большие (Главный спавн);🔵 Синие, 🐅 Шкура, 🪨 Камень, 🌲 Дерево, 🦇 Данж (x3)
Fasitos-Atezsum;T4;▫️ Маленькие (Разбросаны);🔵 Синие, 🟢 Зеленые (x2), 🌿 Волокно, 🌲 Дерево (x2)
Pasos-Avosam;T4;📦 Большие (Главный спавн);🔵 Синие, 🟢 Зеленые (x3), 🦇 Данж (x2)
